{"proxies":{"ti.exoplayer.TiExoPlayerModule":{"superPackageName":"org.appcelerator.kroll","superProxyBindingClassName":"org.appcelerator.kroll.KrollModuleBindingGen","proxyClassName":"TiExoPlayerModule","proxyAttrs":{"propertyAccessors":[],"fullAPIName":"TiExoplayer","name":"TiExoplayer","proxyClassName":"ti.exoplayer.TiExoPlayerModule","isTopLevel":false,"id":"ti.exoplayer"},"packageName":"ti.exoplayer","sourceName":"ti.exoplayer.TiExoPlayerModuleBindingGen","constants":{"STATE_ENDED":{"proxyName":"STATE_ENDED","name":"STATE_ENDED","type":"int","value":4},"STATE_PLAYING":{"proxyName":"STATE_PLAYING","name":"STATE_PLAYING","type":"int","value":5},"STATE_BUFFERING":{"proxyName":"STATE_BUFFERING","name":"STATE_BUFFERING","type":"int","value":2},"STATE_IDLE":{"proxyName":"STATE_IDLE","name":"STATE_IDLE","type":"int","value":1},"STATE_READY":{"proxyName":"STATE_READY","name":"STATE_READY","type":"int","value":3},"SCALING_MODE_CROP":{"proxyName":"SCALING_MODE_CROP","name":"SCALING_MODE_CROP","type":"int","value":4},"SCALING_MODE_FILL":{"proxyName":"SCALING_MODE_FILL","name":"SCALING_MODE_FILL","type":"int","value":3},"SCALING_MODE_FIT":{"proxyName":"SCALING_MODE_FIT","name":"SCALING_MODE_FIT","type":"int","value":0}},"isTitaniumSdk":false,"superProxyClassName":"KrollModule","isModule":true,"genClassName":"TiExoPlayerModuleBindingGen","onAppCreate":"onAppCreate"},"ti.exoplayer.ExoPlayerProxy":{"superPackageName":"org.appcelerator.titanium.proxy","dynamicProperties":{"volume":{"set":true,"nativeConverter":"org.appcelerator.kroll.KrollConverter","getMethodName":"getVolume","setMethodName":"setVolume","setMethodArgs":[{"converter":"org.appcelerator.kroll.KrollConverter","defaultValueProvider":"org.appcelerator.kroll.KrollConverter","name":"vol","sourceName":"vol","type":"float"}],"setDefaultProviders":["org.appcelerator.kroll.KrollConverter"],"converter":"org.appcelerator.kroll.KrollConverter","defaultValueProvider":"org.appcelerator.kroll.KrollConverter","retain":true,"javascriptConverter":"org.appcelerator.kroll.KrollConverter","getHasInvocation":false,"runOnUiThread":false,"getMethodArgs":[],"getReturnType":"float","setReturnType":"void","get":true,"name":"volume","setHasInvocation":false,"getDefaultProviders":[]},"playbackSpeed":{"set":true,"nativeConverter":"org.appcelerator.kroll.KrollConverter","getMethodName":"getPlaybackSpeed","setMethodName":"setPlaybackSpeed","setMethodArgs":[{"converter":"org.appcelerator.kroll.KrollConverter","defaultValueProvider":"org.appcelerator.kroll.KrollConverter","name":"speed","sourceName":"speed","type":"float"}],"setDefaultProviders":["org.appcelerator.kroll.KrollConverter"],"converter":"org.appcelerator.kroll.KrollConverter","defaultValueProvider":"org.appcelerator.kroll.KrollConverter","retain":true,"javascriptConverter":"org.appcelerator.kroll.KrollConverter","getHasInvocation":false,"runOnUiThread":false,"getMethodArgs":[],"getReturnType":"float","setReturnType":"void","get":true,"name":"playbackSpeed","setHasInvocation":false,"getDefaultProviders":[]},"duration":{"set":false,"nativeConverter":"org.appcelerator.kroll.KrollConverter","getMethodName":"getDuration","converter":"org.appcelerator.kroll.KrollConverter","defaultValueProvider":"org.appcelerator.kroll.KrollConverter","javascriptConverter":"org.appcelerator.kroll.KrollConverter","getHasInvocation":false,"runOnUiThread":false,"getMethodArgs":[],"getReturnType":"long","get":true,"name":"duration","setHasInvocation":false,"getDefaultProviders":[]},"currentPosition":{"set":false,"nativeConverter":"org.appcelerator.kroll.KrollConverter","getMethodName":"getCurrentPosition","converter":"org.appcelerator.kroll.KrollConverter","defaultValueProvider":"org.appcelerator.kroll.KrollConverter","javascriptConverter":"org.appcelerator.kroll.KrollConverter","getHasInvocation":false,"runOnUiThread":false,"getMethodArgs":[],"getReturnType":"long","get":true,"name":"currentPosition","setHasInvocation":false,"getDefaultProviders":[]},"repeat":{"set":true,"nativeConverter":"org.appcelerator.kroll.KrollConverter","getMethodName":"getRepeat","setMethodName":"setRepeat","setMethodArgs":[{"converter":"org.appcelerator.kroll.KrollConverter","defaultValueProvider":"org.appcelerator.kroll.KrollConverter","name":"repeat","sourceName":"repeat","type":"boolean"}],"setDefaultProviders":["org.appcelerator.kroll.KrollConverter"],"converter":"org.appcelerator.kroll.KrollConverter","defaultValueProvider":"org.appcelerator.kroll.KrollConverter","retain":true,"javascriptConverter":"org.appcelerator.kroll.KrollConverter","getHasInvocation":false,"runOnUiThread":false,"getMethodArgs":[],"getReturnType":"boolean","setReturnType":"void","get":true,"name":"repeat","setHasInvocation":false,"getDefaultProviders":[]},"audioOnly":{"set":false,"nativeConverter":"org.appcelerator.kroll.KrollConverter","getMethodName":"getAudioOnly","converter":"org.appcelerator.kroll.KrollConverter","defaultValueProvider":"org.appcelerator.kroll.KrollConverter","javascriptConverter":"org.appcelerator.kroll.KrollConverter","getHasInvocation":false,"runOnUiThread":false,"getMethodArgs":[],"getReturnType":"boolean","get":true,"name":"audioOnly","setHasInvocation":false,"getDefaultProviders":[]},"scalingMode":{"set":true,"nativeConverter":"org.appcelerator.kroll.KrollConverter","getMethodName":"getScalingMode","setMethodName":"setScalingMode","setMethodArgs":[{"converter":"org.appcelerator.kroll.KrollConverter","defaultValueProvider":"org.appcelerator.kroll.KrollConverter","name":"mode","sourceName":"mode","type":"int"}],"setDefaultProviders":["org.appcelerator.kroll.KrollConverter"],"converter":"org.appcelerator.kroll.KrollConverter","defaultValueProvider":"org.appcelerator.kroll.KrollConverter","retain":true,"javascriptConverter":"org.appcelerator.kroll.KrollConverter","getHasInvocation":false,"runOnUiThread":false,"getMethodArgs":[],"getReturnType":"int","setReturnType":"void","get":true,"name":"scalingMode","setHasInvocation":false,"getDefaultProviders":[]},"playing":{"set":false,"nativeConverter":"org.appcelerator.kroll.KrollConverter","getMethodName":"getPlaying","converter":"org.appcelerator.kroll.KrollConverter","defaultValueProvider":"org.appcelerator.kroll.KrollConverter","javascriptConverter":"org.appcelerator.kroll.KrollConverter","getHasInvocation":false,"runOnUiThread":false,"getMethodArgs":[],"getReturnType":"boolean","get":true,"name":"playing","setHasInvocation":false,"getDefaultProviders":[]},"muted":{"set":true,"nativeConverter":"org.appcelerator.kroll.KrollConverter","getMethodName":"getMuted","setMethodName":"setMuted","setMethodArgs":[{"converter":"org.appcelerator.kroll.KrollConverter","defaultValueProvider":"org.appcelerator.kroll.KrollConverter","name":"muted","sourceName":"muted","type":"boolean"}],"setDefaultProviders":["org.appcelerator.kroll.KrollConverter"],"converter":"org.appcelerator.kroll.KrollConverter","defaultValueProvider":"org.appcelerator.kroll.KrollConverter","retain":true,"javascriptConverter":"org.appcelerator.kroll.KrollConverter","getHasInvocation":false,"runOnUiThread":false,"getMethodArgs":[],"getReturnType":"boolean","setReturnType":"void","get":true,"name":"muted","setHasInvocation":false,"getDefaultProviders":[]},"url":{"set":true,"nativeConverter":"org.appcelerator.kroll.KrollConverter","getMethodName":"getUrl","setMethodName":"setUrl","setMethodArgs":[{"converter":"org.appcelerator.kroll.KrollConverter","defaultValueProvider":"org.appcelerator.kroll.KrollConverter","name":"url","sourceName":"url","type":"java.lang.String"}],"setDefaultProviders":["org.appcelerator.kroll.KrollConverter"],"converter":"org.appcelerator.kroll.KrollConverter","defaultValueProvider":"org.appcelerator.kroll.KrollConverter","retain":true,"javascriptConverter":"org.appcelerator.kroll.KrollConverter","getHasInvocation":false,"runOnUiThread":false,"getMethodArgs":[],"getReturnType":"java.lang.String","setReturnType":"void","get":true,"name":"url","setHasInvocation":false,"getDefaultProviders":[]},"showControls":{"set":true,"nativeConverter":"org.appcelerator.kroll.KrollConverter","getMethodName":"getShowControls","setMethodName":"setShowControls","setMethodArgs":[{"converter":"org.appcelerator.kroll.KrollConverter","defaultValueProvider":"org.appcelerator.kroll.KrollConverter","name":"show","sourceName":"show","type":"boolean"}],"setDefaultProviders":["org.appcelerator.kroll.KrollConverter"],"converter":"org.appcelerator.kroll.KrollConverter","defaultValueProvider":"org.appcelerator.kroll.KrollConverter","retain":true,"javascriptConverter":"org.appcelerator.kroll.KrollConverter","getHasInvocation":false,"runOnUiThread":false,"getMethodArgs":[],"getReturnType":"boolean","setReturnType":"void","get":true,"name":"showControls","setHasInvocation":false,"getDefaultProviders":[]}},"methods":{"play":{"runOnUiThread":false,"hasInvocation":false,"args":[],"apiName":"play","converter":"org.appcelerator.kroll.KrollConverter","defaultValueProvider":"org.appcelerator.kroll.KrollConverter","name":"__default_name__","returnType":"void"},"stop":{"runOnUiThread":false,"hasInvocation":false,"args":[],"apiName":"stop","converter":"org.appcelerator.kroll.KrollConverter","defaultValueProvider":"org.appcelerator.kroll.KrollConverter","name":"__default_name__","returnType":"void"},"release":{"runOnUiThread":false,"hasInvocation":false,"args":[],"apiName":"release","converter":"org.appcelerator.kroll.KrollConverter","defaultValueProvider":"org.appcelerator.kroll.KrollConverter","name":"__default_name__","returnType":"void"},"pause":{"runOnUiThread":false,"hasInvocation":false,"args":[],"apiName":"pause","converter":"org.appcelerator.kroll.KrollConverter","defaultValueProvider":"org.appcelerator.kroll.KrollConverter","name":"__default_name__","returnType":"void"},"seekTo":{"runOnUiThread":false,"hasInvocation":false,"args":[{"converter":"org.appcelerator.kroll.KrollConverter","defaultValueProvider":"org.appcelerator.kroll.KrollConverter","name":"value","sourceName":"value","type":"int"}],"apiName":"seekTo","converter":"org.appcelerator.kroll.KrollConverter","defaultValueProvider":"org.appcelerator.kroll.KrollConverter","name":"__default_name__","returnType":"void"}},"superProxyBindingClassName":"org.appcelerator.titanium.proxy.TiViewProxyBindingGen","proxyClassName":"ExoPlayerProxy","proxyAttrs":{"propertyAccessors":[],"fullAPIName":"TiExoplayer.ExoPlayer","name":"ExoPlayer","proxyClassName":"ti.exoplayer.ExoPlayerProxy","isTopLevel":false,"id":"ti.exoplayer.ExoPlayerProxy","creatableInModule":"ti.exoplayer.TiExoPlayerModule","parentModule":"org.appcelerator.kroll.annotations.Kroll.DEFAULT"},"packageName":"ti.exoplayer","sourceName":"ti.exoplayer.ExoPlayerProxyBindingGen","isTitaniumSdk":false,"superProxyClassName":"TiViewProxy","isModule":false,"genClassName":"ExoPlayerProxyBindingGen"}},"modules":{"ti.exoplayer.TiExoPlayerModule":{"apiName":"TiExoplayer","createProxies":[{"propertyAccessors":[],"fullAPIName":"TiExoplayer.ExoPlayer","name":"ExoPlayer","proxyClassName":"ti.exoplayer.ExoPlayerProxy","isTopLevel":false,"id":"ti.exoplayer.ExoPlayerProxy","creatableInModule":"ti.exoplayer.TiExoPlayerModule","parentModule":"org.appcelerator.kroll.annotations.Kroll.DEFAULT"}]}}}