{"proxies":{"ti.exoplayer.TiExoPlayerModule":{"superPackageName":"org.appcelerator.kroll","superProxyBindingClassName":"org.appcelerator.kroll.KrollModuleBindingGen","proxyClassName":"TiExoPlayerModule","proxyAttrs":{"propertyAccessors":[],"fullAPIName":"TiExoplayer","name":"TiExoplayer","proxyClassName":"ti.exoplayer.TiExoPlayerModule","isTopLevel":false,"id":"ti.exoplayer"},"packageName":"ti.exoplayer","sourceName":"ti.exoplayer.TiExoPlayerModuleBindingGen","constants":{"STATE_ENDED":{"proxyName":"STATE_ENDED","name":"STATE_ENDED","type":"int","value":4},"STATE_PLAYING":{"proxyName":"STATE_PLAYING","name":"STATE_PLAYING","type":"int","value":5},"STATE_BUFFERING":{"proxyName":"STATE_BUFFERING","name":"STATE_BUFFERING","type":"int","value":2},"STATE_IDLE":{"proxyName":"STATE_IDLE","name":"STATE_IDLE","type":"int","value":1},"STATE_READY":{"proxyName":"STATE_READY","name":"STATE_READY","type":"int","value":3}},"isTitaniumSdk":false,"superProxyClassName":"KrollModule","isModule":true,"genClassName":"TiExoPlayerModuleBindingGen","onAppCreate":"onAppCreate"},"ti.exoplayer.ExoPlayerProxy":{"superPackageName":"org.appcelerator.titanium.proxy","dynamicProperties":{"duration":{"set":false,"nativeConverter":"org.appcelerator.kroll.KrollConverter","getMethodName":"duration","converter":"org.appcelerator.kroll.KrollConverter","defaultValueProvider":"org.appcelerator.kroll.KrollConverter","javascriptConverter":"org.appcelerator.kroll.KrollConverter","getHasInvocation":false,"runOnUiThread":false,"getMethodArgs":[],"getReturnType":"long","get":true,"name":"duration","setHasInvocation":false,"getDefaultProviders":[]},"currentPosition":{"set":false,"nativeConverter":"org.appcelerator.kroll.KrollConverter","getMethodName":"currentPosition","converter":"org.appcelerator.kroll.KrollConverter","defaultValueProvider":"org.appcelerator.kroll.KrollConverter","javascriptConverter":"org.appcelerator.kroll.KrollConverter","getHasInvocation":false,"runOnUiThread":false,"getMethodArgs":[],"getReturnType":"long","get":true,"name":"currentPosition","setHasInvocation":false,"getDefaultProviders":[]},"audioOnly":{"set":false,"nativeConverter":"org.appcelerator.kroll.KrollConverter","getMethodName":"audioOnly","converter":"org.appcelerator.kroll.KrollConverter","defaultValueProvider":"org.appcelerator.kroll.KrollConverter","javascriptConverter":"org.appcelerator.kroll.KrollConverter","getHasInvocation":false,"runOnUiThread":false,"getMethodArgs":[],"getReturnType":"boolean","get":true,"name":"audioOnly","setHasInvocation":false,"getDefaultProviders":[]},"playing":{"set":false,"nativeConverter":"org.appcelerator.kroll.KrollConverter","getMethodName":"playing","converter":"org.appcelerator.kroll.KrollConverter","defaultValueProvider":"org.appcelerator.kroll.KrollConverter","javascriptConverter":"org.appcelerator.kroll.KrollConverter","getHasInvocation":false,"runOnUiThread":false,"getMethodArgs":[],"getReturnType":"boolean","get":true,"name":"playing","setHasInvocation":false,"getDefaultProviders":[]},"url":{"set":true,"nativeConverter":"org.appcelerator.kroll.KrollConverter","getMethodName":"getUrl","setMethodName":"setUrl","setMethodArgs":[{"converter":"org.appcelerator.kroll.KrollConverter","defaultValueProvider":"org.appcelerator.kroll.KrollConverter","name":"url","sourceName":"url","type":"java.lang.String"}],"setDefaultProviders":["org.appcelerator.kroll.KrollConverter"],"converter":"org.appcelerator.kroll.KrollConverter","defaultValueProvider":"org.appcelerator.kroll.KrollConverter","retain":true,"javascriptConverter":"org.appcelerator.kroll.KrollConverter","getHasInvocation":false,"runOnUiThread":false,"getMethodArgs":[],"getReturnType":"java.lang.String","setReturnType":"void","get":true,"name":"url","setHasInvocation":false,"getDefaultProviders":[]}},"methods":{"play":{"runOnUiThread":false,"hasInvocation":false,"args":[],"apiName":"play","converter":"org.appcelerator.kroll.KrollConverter","defaultValueProvider":"org.appcelerator.kroll.KrollConverter","name":"__default_name__","returnType":"void"},"stop":{"runOnUiThread":false,"hasInvocation":false,"args":[],"apiName":"stop","converter":"org.appcelerator.kroll.KrollConverter","defaultValueProvider":"org.appcelerator.kroll.KrollConverter","name":"__default_name__","returnType":"void"},"release":{"runOnUiThread":false,"hasInvocation":false,"args":[],"apiName":"release","converter":"org.appcelerator.kroll.KrollConverter","defaultValueProvider":"org.appcelerator.kroll.KrollConverter","name":"__default_name__","returnType":"void"},"pause":{"runOnUiThread":false,"hasInvocation":false,"args":[],"apiName":"pause","converter":"org.appcelerator.kroll.KrollConverter","defaultValueProvider":"org.appcelerator.kroll.KrollConverter","name":"__default_name__","returnType":"void"},"seekTo":{"runOnUiThread":false,"hasInvocation":false,"args":[{"converter":"org.appcelerator.kroll.KrollConverter","defaultValueProvider":"org.appcelerator.kroll.KrollConverter","name":"value","sourceName":"value","type":"int"}],"apiName":"seekTo","converter":"org.appcelerator.kroll.KrollConverter","defaultValueProvider":"org.appcelerator.kroll.KrollConverter","name":"__default_name__","returnType":"void"}},"superProxyBindingClassName":"org.appcelerator.titanium.proxy.TiViewProxyBindingGen","proxyClassName":"ExoPlayerProxy","proxyAttrs":{"propertyAccessors":[],"fullAPIName":"TiExoplayer.ExoPlayer","name":"ExoPlayer","proxyClassName":"ti.exoplayer.ExoPlayerProxy","isTopLevel":false,"id":"ti.exoplayer.ExoPlayerProxy","creatableInModule":"ti.exoplayer.TiExoPlayerModule","parentModule":"org.appcelerator.kroll.annotations.Kroll.DEFAULT"},"packageName":"ti.exoplayer","sourceName":"ti.exoplayer.ExoPlayerProxyBindingGen","isTitaniumSdk":false,"superProxyClassName":"TiViewProxy","isModule":false,"genClassName":"ExoPlayerProxyBindingGen"}},"modules":{"ti.exoplayer.TiExoPlayerModule":{"apiName":"TiExoplayer","createProxies":[{"propertyAccessors":[],"fullAPIName":"TiExoplayer.ExoPlayer","name":"ExoPlayer","proxyClassName":"ti.exoplayer.ExoPlayerProxy","isTopLevel":false,"id":"ti.exoplayer.ExoPlayerProxy","creatableInModule":"ti.exoplayer.TiExoPlayerModule","parentModule":"org.appcelerator.kroll.annotations.Kroll.DEFAULT"}]}}}